,duration,num_syllables,speech_rate,articulation_rate,total_speaking_time,total_pause_time,num_pauses,mean_pause_duration,mean_f0,stdev_f0,mean_intensity,stdev_intensity,jitter,shimmer,hnr,mfcc_1_mean,mfcc_1_std,mfcc_2_mean,mfcc_2_std,mfcc_3_mean,mfcc_3_std,mfcc_4_mean,mfcc_4_std,mfcc_5_mean,mfcc_5_std,mfcc_6_mean,mfcc_6_std,mfcc_7_mean,mfcc_7_std,mfcc_8_mean,mfcc_8_std,mfcc_9_mean,mfcc_9_std,mfcc_10_mean,mfcc_10_std,mfcc_11_mean,mfcc_11_std,mfcc_12_mean,mfcc_12_std,mfcc_13_mean,mfcc_13_std
mean,15.275,7.65,0.5305154822410257,0.5409713819551047,14.839800000000002,0.43519999999999986,0.925,0.14989333333333327,159.61586131254134,51.55503325616553,59.56398607731899,10.663890846829908,2.5355409110658558,0.16023967479057374,7.61654011440631,-325.72055,91.333725,57.259827,28.935791,7.201252,27.292236,5.5872164,21.808697,-20.091574,21.001772,-14.701734,17.80932,-14.343988,15.641879,-5.629699,13.832156,-12.093839,12.588221,-4.5310454,10.760247,-8.422911,10.588121,-6.9664025,10.48549,-7.741459,9.701885
std,6.887325780755286,2.6365284089654812,0.12875543231165554,0.12266173487382963,6.484283607900899,0.777405652615125,1.6074745282505596,0.23300846776733677,35.39822878429194,18.9102100430181,5.870556464478758,2.3933902150947675,0.5965496260396145,0.024276415644256606,2.058354345578083,76.59467,24.308817,17.863777,7.0870895,15.491036,6.8841414,13.407282,4.5951023,9.764666,4.556939,8.648348,3.7749746,7.4257264,2.8988454,6.93144,2.7905118,7.1918573,2.4848647,3.8894422,1.7566712,6.1364317,2.045241,4.8084493,2.4099596,6.1586013,2.1793578
min,6.0,3.0,0.3181818181818182,0.3306878306878307,6.0,0.0,0.0,0.0,81.64187835423013,18.475280398410195,45.424158052950865,5.922729932950608,1.4041375505856053,0.11747750989078401,4.11187966832029,-474.58844,36.817703,14.731546,15.288541,-29.94231,13.892604,-21.409327,12.092742,-34.60652,10.648447,-31.83568,9.234572,-30.7614,8.431981,-25.423248,7.617918,-27.853235,7.3489137,-12.464481,7.265087,-22.791412,6.607791,-21.16531,5.6638956,-20.185904,5.179988
max,37.0,14.0,0.8333333333333334,0.8333333333333334,36.744,2.6240000000000006,5.0,0.789333333333333,234.52075821957524,93.34183345834413,70.94586480112129,15.314977738450853,3.9426042191420088,0.2218464663242207,11.758349055400858,-155.96487,158.7718,93.07897,41.35827,46.8498,40.419075,40.761402,30.445597,4.8773575,31.483702,0.03856292,25.048723,0.022017289,21.520851,5.297361,19.39027,-0.69554573,18.179451,2.0451963,14.604576,10.216183,15.586559,5.4632125,15.584067,4.716271,13.847984
